<application>
  <component name="FindSettings">
    <option name="customScope" value="File '...\src\main\java\edu\unl\cse\csce361\package_tracker\backend\BackendFacade.java'" />
    <option name="defaultScopeName" value="File '...\src\main\java\edu\unl\cse\csce361\package_tracker\backend\BackendFacade.java'" />
    <option name="localCaseSensitive" value="true" />
    <option name="LOCAL_CASE_SENSITIVE_SEARCH" value="true" />
    <option name="SEARCH_SCOPE" value="File '...\src\main\java\edu\unl\cse\csce361\package_tracker\backend\BackendFacade.java'" />
    <option name="FILE_MASK" value="*.java" />
  </component>
</application>